$sin1["cmr_table"][]="cmr_account";     $sin2["cmr_table"][]="";
$sin1[cmr_account][]="id";
$sin1[cmr_account][]="url";
$sin1[cmr_account][]="user_email";
$sin1[cmr_account][]="uid";
$sin1[cmr_account][]="pw";
$sin1[cmr_account][]="server";
$sin1[cmr_account][]="service";
$sin1[cmr_account][]="port";
$sin1[cmr_account][]="protocol";
$sin1[cmr_account][]="allow_level";
$sin1[cmr_account][]="allow_email";
$sin1[cmr_account][]="allow_groups";
$sin1[cmr_account][]="comment";
$sin1[cmr_account][]="date_time";



$sin1["cmr_table"][]="cmr_asset";     $sin2["cmr_table"][]="tstm_host";
$sin1[cmr_asset][]="id";     $sin2[tstm_host][]="id";
$sin1[cmr_asset][]="serial";     $sin2[tstm_host][]="mac_adress";
$sin1[cmr_asset][]="mac_adress";     $sin2[tstm_host][]="name";
$sin1[cmr_asset][]="name";     $sin2[tstm_host][]="ip";
$sin1[cmr_asset][]="location";     $sin2[tstm_host][]="nat_ip";
$sin1[cmr_asset][]="ip";     $sin2[tstm_host][]="type";
$sin1[cmr_asset][]="nat_ip";     $sin2[tstm_host][]="os";
$sin1[cmr_asset][]="mask";     $sin2[tstm_host][]="state";
$sin1[cmr_asset][]="gateway";     $sin2[tstm_host][]="login_id";
$sin1[cmr_asset][]="dns1";     $sin2[tstm_host][]="login_pw";
$sin1[cmr_asset][]="dns2";     $sin2[tstm_host][]="check_command";
$sin1[cmr_asset][]="type";     $sin2[tstm_host][]="inf";
$sin1[cmr_asset][]="os";     $sin2[tstm_host][]="date_time";
$sin1[cmr_asset][]="state";
$sin1[cmr_asset][]="login_id";
$sin1[cmr_asset][]="login_pw";
$sin1[cmr_asset][]="check_command";
$sin1[cmr_asset][]="certificate";
$sin1[cmr_asset][]="my_master";
$sin1[cmr_asset][]="allow_level";
$sin1[cmr_asset][]="allow_email";
$sin1[cmr_asset][]="allow_groups";
$sin1[cmr_asset][]="my_software";
$sin1[cmr_asset][]="my_service";
$sin1[cmr_asset][]="comment";
$sin1[cmr_asset][]="date_time";




$sin1["cmr_table"][]="cmr_certificate";     $sin2["cmr_table"][]="";
$sin1[cmr_certificate][]="id";
$sin1[cmr_certificate][]="serial";
$sin1[cmr_certificate][]="user_email";
$sin1[cmr_certificate][]="version";
$sin1[cmr_certificate][]="to_cn";
$sin1[cmr_certificate][]="to_o";
$sin1[cmr_certificate][]="to_ou";
$sin1[cmr_certificate][]="from_cn";
$sin1[cmr_certificate][]="from_o";
$sin1[cmr_certificate][]="from_ou";
$sin1[cmr_certificate][]="valid_from";
$sin1[cmr_certificate][]="valid_to";
$sin1[cmr_certificate][]="state";
$sin1[cmr_certificate][]="cert_pkcs";
$sin1[cmr_certificate][]="pub_key_pkcs";
$sin1[cmr_certificate][]="status";
$sin1[cmr_certificate][]="type";
$sin1[cmr_certificate][]="login_script";
$sin1[cmr_certificate][]="public_key";
$sin1[cmr_certificate][]="private_key";
$sin1[cmr_certificate][]="pass_phrase";
$sin1[cmr_certificate][]="my_master";
$sin1[cmr_certificate][]="my_slave";
$sin1[cmr_certificate][]="allow_level";
$sin1[cmr_certificate][]="allow_email";
$sin1[cmr_certificate][]="allow_groups";
$sin1[cmr_certificate][]="comment";
$sin1[cmr_certificate][]="date_time";




$sin1["cmr_table"][]="cmr_code";     $sin2["cmr_table"][]="";
$sin1[cmr_code][]="id";
$sin1[cmr_code][]="code";
$sin1[cmr_code][]="script";
$sin1[cmr_code][]="state";
$sin1[cmr_code][]="allow_level";
$sin1[cmr_code][]="allow_email";
$sin1[cmr_code][]="allow_groups";
$sin1[cmr_code][]="comment";
$sin1[cmr_code][]="date_time";





$sin1["cmr_table"][]="cmr_command";     $sin2["cmr_table"][]="tstm_command";
$sin1[cmr_command][]="id";     $sin2[tstm_command][]="id";
$sin1[cmr_command][]="command_name";     $sin2[tstm_command][]="command_name";
$sin1[cmr_command][]="command_line";     $sin2[tstm_command][]="command_line";
$sin1[cmr_command][]="state";     $sin2[tstm_command][]="inf";
$sin1[cmr_command][]="allow_level";     $sin2[tstm_command][]="date_time";
$sin1[cmr_command][]="allow_email";
$sin1[cmr_command][]="allow_groups";
$sin1[cmr_command][]="comment";
$sin1[cmr_command][]="date_time";






$sin1["cmr_table"][]="cmr_contact";     $sin2["cmr_table"][]="";
$sin1[cmr_contact][]="id";
$sin1[cmr_contact][]="uid";
$sin1[cmr_contact][]="name";
$sin1[cmr_contact][]="last_name";
$sin1[cmr_contact][]="sexe";
$sin1[cmr_contact][]="function";
$sin1[cmr_contact][]="email";
$sin1[cmr_contact][]="email_sign";
$sin1[cmr_contact][]="tel";
$sin1[cmr_contact][]="cel";
$sin1[cmr_contact][]="adress";
$sin1[cmr_contact][]="location";
$sin1[cmr_contact][]="country";
$sin1[cmr_contact][]="type";
$sin1[cmr_contact][]="state";
$sin1[cmr_contact][]="status";
$sin1[cmr_contact][]="lang";
$sin1[cmr_contact][]="style";
$sin1[cmr_contact][]="public_key";
$sin1[cmr_contact][]="my_master";
$sin1[cmr_contact][]="my_slave";
$sin1[cmr_contact][]="allow_level";
$sin1[cmr_contact][]="allow_email";
$sin1[cmr_contact][]="allow_groups";
$sin1[cmr_contact][]="comment";
$sin1[cmr_contact][]="date_time";





$sin1["cmr_table"][]="cmr_cron";     $sin2["cmr_table"][]="";
$sin1[cmr_cron][]="id";
$sin1[cmr_cron][]="name";
$sin1[cmr_cron][]="command";
$sin1[cmr_cron][]="at";
$sin1[cmr_cron][]="type";
$sin1[cmr_cron][]="state";
$sin1[cmr_cron][]="allow_level";
$sin1[cmr_cron][]="allow_email";
$sin1[cmr_cron][]="allow_groups";
$sin1[cmr_cron][]="comment";
$sin1[cmr_cron][]="date_time";





$sin1["cmr_table"][]="cmr_download";     $sin2["cmr_table"][]="";
$sin1[cmr_download][]="id";
$sin1[cmr_download][]="url";
$sin1[cmr_download][]="path";
$sin1[cmr_download][]="file_name";
$sin1[cmr_download][]="file_type";
$sin1[cmr_download][]="file_size";
$sin1[cmr_download][]="state";
$sin1[cmr_download][]="allow_level";
$sin1[cmr_download][]="allow_email";
$sin1[cmr_download][]="allow_groups";
$sin1[cmr_download][]="comment";
$sin1[cmr_download][]="date_time";




$sin1["cmr_table"][]="cmr_email";     $sin2["cmr_table"][]="";
$sin1[cmr_email][]="id";
$sin1[cmr_email][]="encoding";
$sin1[cmr_email][]="lang";
$sin1[cmr_email][]="header";
$sin1[cmr_email][]="title";
$sin1[cmr_email][]="mail_title";
$sin1[cmr_email][]="mail_from";
$sin1[cmr_email][]="mail_to";
$sin1[cmr_email][]="mail_cc";
$sin1[cmr_email][]="mail_bcc";
$sin1[cmr_email][]="attach";
$sin1[cmr_email][]="text";
$sin1[cmr_email][]="my_master";
$sin1[cmr_email][]="my_slave";
$sin1[cmr_email][]="allow_level";
$sin1[cmr_email][]="allow_email";
$sin1[cmr_email][]="allow_groups";
$sin1[cmr_email][]="comment";
$sin1[cmr_email][]="date_time";





$sin1["cmr_table"][]="cmr_escalation";     $sin2["cmr_table"][]="";
$sin1[cmr_escalation][]="id";
$sin1[cmr_escalation][]="ticket_number";
$sin1[cmr_escalation][]="action";
$sin1[cmr_escalation][]="id_ticket";
$sin1[cmr_escalation][]="allow_level";
$sin1[cmr_escalation][]="allow_email";
$sin1[cmr_escalation][]="allow_groups";
$sin1[cmr_escalation][]="comment";
$sin1[cmr_escalation][]="date_time";





$sin1["cmr_table"][]="cmr_faq";     $sin2["cmr_table"][]="";
$sin1[cmr_faq][]="id";
$sin1[cmr_faq][]="name";
$sin1[cmr_faq][]="argoment";
$sin1[cmr_faq][]="question";
$sin1[cmr_faq][]="response";
$sin1[cmr_faq][]="state";
$sin1[cmr_faq][]="allow_level";
$sin1[cmr_faq][]="allow_email";
$sin1[cmr_faq][]="allow_groups";
$sin1[cmr_faq][]="comment";
$sin1[cmr_faq][]="date_time";





$sin1["cmr_table"][]="cmr_father_groups";     $sin2["cmr_table"][]="tstm_father_group";
$sin1[cmr_father_groups][]="id";     $sin2[tstm_father_group][]="id";
$sin1[cmr_father_groups][]="group_father";     $sin2[tstm_father_group][]="group_father";
$sin1[cmr_father_groups][]="group_child";     $sin2[tstm_father_group][]="group_child";
$sin1[cmr_father_groups][]="state";     $sin2[tstm_father_group][]="state";
$sin1[cmr_father_groups][]="date_time";     $sin2[tstm_father_group][]="date_time";
$sin1[cmr_father_groups][]="allow_level";
$sin1[cmr_father_groups][]="allow_email";
$sin1[cmr_father_groups][]="allow_groups";
$sin1[cmr_father_groups][]="comment";





$sin1["cmr_table"][]="cmr_forum";     $sin2["cmr_table"][]="";
$sin1[cmr_forum][]="id";
$sin1[cmr_forum][]="name";
$sin1[cmr_forum][]="argoment";
$sin1[cmr_forum][]="text";
$sin1[cmr_forum][]="my_master";
$sin1[cmr_forum][]="allow_level";
$sin1[cmr_forum][]="allow_email";
$sin1[cmr_forum][]="allow_groups";
$sin1[cmr_forum][]="comment";
$sin1[cmr_forum][]="date_time";





$sin1["cmr_table"][]="cmr_generator";     $sin2["cmr_table"][]="";
$sin1[cmr_generator][]="id";
$sin1[cmr_generator][]="db";
$sin1[cmr_generator][]="table";
$sin1[cmr_generator][]="column";
$sin1[cmr_generator][]="code1";
$sin1[cmr_generator][]="code2";
$sin1[cmr_generator][]="code3";
$sin1[cmr_generator][]="allow_level";
$sin1[cmr_generator][]="allow_email";
$sin1[cmr_generator][]="allow_groups";
$sin1[cmr_generator][]="comment";
$sin1[cmr_generator][]="date_time";





$sin1["cmr_table"][]="cmr_groups";     $sin2["cmr_table"][]="tstm_group";
$sin1[cmr_groups][]="id";     $sin2[tstm_group][]="id";
$sin1[cmr_groups][]="name";     $sin2[tstm_group][]="name";
$sin1[cmr_groups][]="state";     $sin2[tstm_group][]="state";
$sin1[cmr_groups][]="level";     $sin2[tstm_group][]="level";
$sin1[cmr_groups][]="location";     $sin2[tstm_group][]="config";
$sin1[cmr_groups][]="type";     $sin2[tstm_group][]="inf";
$sin1[cmr_groups][]="sla";     $sin2[tstm_group][]="nagios_group";
$sin1[cmr_groups][]="public_key";     $sin2[tstm_group][]="date_time";
$sin1[cmr_groups][]="private_key";
$sin1[cmr_groups][]="pass_phrase";
$sin1[cmr_groups][]="email_sign";
$sin1[cmr_groups][]="referent_email";
$sin1[cmr_groups][]="admin_email";
$sin1[cmr_groups][]="folder";
$sin1[cmr_groups][]="notify";
$sin1[cmr_groups][]="web_site";
$sin1[cmr_groups][]="login_script";
$sin1[cmr_groups][]="adress";
$sin1[cmr_groups][]="my_master";
$sin1[cmr_groups][]="my_slave";
$sin1[cmr_groups][]="allow_level";
$sin1[cmr_groups][]="allow_email";
$sin1[cmr_groups][]="allow_groups";
$sin1[cmr_groups][]="comment";
$sin1[cmr_groups][]="date_time";




$sin1["cmr_table"][]="cmr_message";     $sin2["cmr_table"][]="tstm_message";
$sin1[cmr_message][]="id";     $sin2[tstm_message][]="id";
$sin1[cmr_message][]="sender";     $sin2[tstm_message][]="sender";
$sin1[cmr_message][]="title";     $sin2[tstm_message][]="title";
$sin1[cmr_message][]="model_id";     $sin2[tstm_message][]="text";
$sin1[cmr_message][]="model_title";     $sin2[tstm_message][]="groups_dest";
$sin1[cmr_message][]="lang";     $sin2[tstm_message][]="user_dest";
$sin1[cmr_message][]="text";     $sin2[tstm_message][]="modules_dest";
$sin1[cmr_message][]="groups_dest";     $sin2[tstm_message][]="ripetitive";
$sin1[cmr_message][]="users_dest";     $sin2[tstm_message][]="ripeat_end";
$sin1[cmr_message][]="modules_dest";     $sin2[tstm_message][]="begin_time";
$sin1[cmr_message][]="ripetitive";     $sin2[tstm_message][]="end_time";
$sin1[cmr_message][]="repeat_end";     $sin2[tstm_message][]="intervale";
$sin1[cmr_message][]="begin_time";     $sin2[tstm_message][]="priority";
$sin1[cmr_message][]="end_time";     $sin2[tstm_message][]="state";
$sin1[cmr_message][]="intervale";     $sin2[tstm_message][]="date_time";
$sin1[cmr_message][]="priority";
$sin1[cmr_message][]="type";
$sin1[cmr_message][]="state";
$sin1[cmr_message][]="my_master";
$sin1[cmr_message][]="my_slave";
$sin1[cmr_message][]="allow_level";
$sin1[cmr_message][]="allow_email";
$sin1[cmr_message][]="allow_groups";
$sin1[cmr_message][]="comment";
$sin1[cmr_message][]="date_time";






$sin1["cmr_table"][]="cmr_message_read";     $sin2["cmr_table"][]="tstm_message_read";
$sin1[cmr_message_read][]="id";     $sin2[tstm_message_read][]="id";
$sin1[cmr_message_read][]="user_email";     $sin2[tstm_message_read][]="user_email";
$sin1[cmr_message_read][]="message_id";     $sin2[tstm_message_read][]="id_message";
$sin1[cmr_message_read][]="date_time";     $sin2[tstm_message_read][]="date_time";





$sin1["cmr_table"][]="cmr_nagios";     $sin2["cmr_table"][]="";
$sin1[cmr_nagios][]="id";
$sin1[cmr_nagios][]="group_name";
$sin1[cmr_nagios][]="nagios_group";
$sin1[cmr_nagios][]="config";
$sin1[cmr_nagios][]="allow_level";
$sin1[cmr_nagios][]="allow_email";
$sin1[cmr_nagios][]="allow_groups";
$sin1[cmr_nagios][]="comment";
$sin1[cmr_nagios][]="date_time";





$sin1["cmr_table"][]="cmr_nessus";     $sin2["cmr_table"][]="";
$sin1[cmr_nessus][]="id";
$sin1[cmr_nessus][]="group_name";
$sin1[cmr_nessus][]="nessus_ip";
$sin1[cmr_nessus][]="allow_level";
$sin1[cmr_nessus][]="allow_email";
$sin1[cmr_nessus][]="allow_groups";
$sin1[cmr_nessus][]="comment";
$sin1[cmr_nessus][]="date_time";






$sin1["cmr_table"][]="cmr_rss";     $sin2["cmr_table"][]="";
$sin1[cmr_rss][]="id";
$sin1[cmr_rss][]="version";
$sin1[cmr_rss][]="title";
$sin1[cmr_rss][]="link";
$sin1[cmr_rss][]="language";
$sin1[cmr_rss][]="rating";
$sin1[cmr_rss][]="state";
$sin1[cmr_rss][]="feed_adress";
$sin1[cmr_rss][]="type";
$sin1[cmr_rss][]="text";
$sin1[cmr_rss][]="allow_level";
$sin1[cmr_rss][]="allow_email";
$sin1[cmr_rss][]="allow_groups";
$sin1[cmr_rss][]="comment";
$sin1[cmr_rss][]="date_time";






$sin1["cmr_table"][]="cmr_services";     $sin2["cmr_table"][]="tstm_services";
$sin1[cmr_services][]="id";     $sin2[tstm_services][]="id";
$sin1[cmr_services][]="name";     $sin2[tstm_services][]="name";
$sin1[cmr_services][]="port";     $sin2[tstm_services][]="port";
$sin1[cmr_services][]="protocol";     $sin2[tstm_services][]="protocol";
$sin1[cmr_services][]="check_command";     $sin2[tstm_services][]="check_command";
$sin1[cmr_services][]="my_master";     $sin2[tstm_services][]="inf";
$sin1[cmr_services][]="my_slave";     $sin2[tstm_services][]="date_time";
$sin1[cmr_services][]="allow_level";
$sin1[cmr_services][]="allow_email";
$sin1[cmr_services][]="allow_groups";
$sin1[cmr_services][]="comment";
$sin1[cmr_services][]="date_time";




$sin1["cmr_table"][]="cmr_session";     $sin2["cmr_table"][]="tstm_session";
$sin1[cmr_session][]="id";     $sin2[tstm_session][]="id";
$sin1[cmr_session][]="sessionid";     $sin2[tstm_session][]="session_id";
$sin1[cmr_session][]="sessionip";     $sin2[tstm_session][]="user_email";
$sin1[cmr_session][]="user_email";     $sin2[tstm_session][]="state";
$sin1[cmr_session][]="status";     $sin2[tstm_session][]="auto_login";
$sin1[cmr_session][]="state";     $sin2[tstm_session][]="date_time";
$sin1[cmr_session][]="time_out";
$sin1[cmr_session][]="session_end";
$sin1[cmr_session][]="date_time";




$sin1["cmr_table"][]="cmr_sla";     $sin2["cmr_table"][]="";
$sin1[cmr_sla][]="id";
$sin1[cmr_sla][]="user_email";
$sin1[cmr_sla][]="group_name";
$sin1[cmr_sla][]="asset_ip";
$sin1[cmr_sla][]="user_type";
$sin1[cmr_sla][]="group_type";
$sin1[cmr_sla][]="asset_type";
$sin1[cmr_sla][]="ticket_type";
$sin1[cmr_sla][]="ticket_call_method";
$sin1[cmr_sla][]="ticket_state";
$sin1[cmr_sla][]="ticket_severity";
$sin1[cmr_sla][]="ticket_assign_to";
$sin1[cmr_sla][]="num_user_impact";
$sin1[cmr_sla][]="num_group_impact";
$sin1[cmr_sla][]="num_asset_impact";
$sin1[cmr_sla][]="sla";
$sin1[cmr_sla][]="comment";
$sin1[cmr_sla][]="date_time";





$sin1["cmr_table"][]="cmr_software";     $sin2["cmr_table"][]="";
$sin1[cmr_software][]="id";
$sin1[cmr_software][]="name";
$sin1[cmr_software][]="type";
$sin1[cmr_software][]="copyright";
$sin1[cmr_software][]="certificate";
$sin1[cmr_software][]="my_master";
$sin1[cmr_software][]="allow_level";
$sin1[cmr_software][]="allow_email";
$sin1[cmr_software][]="allow_groups";
$sin1[cmr_software][]="comment";
$sin1[cmr_software][]="date_time";




$sin1["cmr_table"][]="cmr_statistic";     $sin2["cmr_table"][]="";
$sin1[cmr_statistic][]="id";
$sin1[cmr_statistic][]="name";
$sin1[cmr_statistic][]="type";
$sin1[cmr_statistic][]="period_begin";
$sin1[cmr_statistic][]="period_end";
$sin1[cmr_statistic][]="data";
$sin1[cmr_statistic][]="my_master";
$sin1[cmr_statistic][]="my_slave";
$sin1[cmr_statistic][]="allow_level";
$sin1[cmr_statistic][]="allow_email";
$sin1[cmr_statistic][]="allow_groups";
$sin1[cmr_statistic][]="comment";
$sin1[cmr_statistic][]="date_time";





$sin1["cmr_table"][]="cmr_ticket";     $sin2["cmr_table"][]="tstm_ticket";
$sin1[cmr_ticket][]="id";     $sin2[tstm_ticket][]="id";
$sin1[cmr_ticket][]="number";     $sin2[tstm_ticket][]="number";
$sin1[cmr_ticket][]="lang";     $sin2[tstm_ticket][]="title";
$sin1[cmr_ticket][]="model_number";     $sin2[tstm_ticket][]="group";
$sin1[cmr_ticket][]="model_title";     $sin2[tstm_ticket][]="by";
$sin1[cmr_ticket][]="title";     $sin2[tstm_ticket][]="date_time";
$sin1[cmr_ticket][]="work_by";     $sin2[tstm_ticket][]="state";
$sin1[cmr_ticket][]="call_log_user";     $sin2[tstm_ticket][]="state_now";
$sin1[cmr_ticket][]="call_log_groups";     $sin2[tstm_ticket][]="assign_to";
$sin1[cmr_ticket][]="call_method";     $sin2[tstm_ticket][]="priority";
$sin1[cmr_ticket][]="state";     $sin2[tstm_ticket][]="expire";
$sin1[cmr_ticket][]="state_now";     $sin2[tstm_ticket][]="mail_from";
$sin1[cmr_ticket][]="assign_to";     $sin2[tstm_ticket][]="mail_to";
$sin1[cmr_ticket][]="list_user_impact";     $sin2[tstm_ticket][]="mail_cc";
$sin1[cmr_ticket][]="list_group_impact";     $sin2[tstm_ticket][]="mail_bcc";
$sin1[cmr_ticket][]="list_asset_impact";     $sin2[tstm_ticket][]="allegato";
$sin1[cmr_ticket][]="severity";     $sin2[tstm_ticket][]="type";
$sin1[cmr_ticket][]="sla";     $sin2[tstm_ticket][]="resolv_id";
$sin1[cmr_ticket][]="mail_title";     $sin2[tstm_ticket][]="text";
$sin1[cmr_ticket][]="mail_from";
$sin1[cmr_ticket][]="mail_to";
$sin1[cmr_ticket][]="mail_cc";
$sin1[cmr_ticket][]="mail_bcc";
$sin1[cmr_ticket][]="attach";
$sin1[cmr_ticket][]="type";
$sin1[cmr_ticket][]="text";
$sin1[cmr_ticket][]="mail_text";
$sin1[cmr_ticket][]="my_master";
$sin1[cmr_ticket][]="allow_level";
$sin1[cmr_ticket][]="allow_email";
$sin1[cmr_ticket][]="allow_groups";
$sin1[cmr_ticket][]="comment";
$sin1[cmr_ticket][]="date_time";





$sin1["cmr_table"][]="cmr_ticket_read";     $sin2["cmr_table"][]="tstm_ticket_read";
$sin1[cmr_ticket_read][]="id";     $sin2[tstm_ticket_read][]="id";
$sin1[cmr_ticket_read][]="user_email";     $sin2[tstm_ticket_read][]="user_email";
$sin1[cmr_ticket_read][]="ticket_id";     $sin2[tstm_ticket_read][]="ticket_id";
$sin1[cmr_ticket_read][]="date_time";     $sin2[tstm_ticket_read][]="date_time";





$sin1["cmr_table"][]="cmr_translate";     $sin2["cmr_table"][]="";
$sin1[cmr_translate][]="id";
$sin1[cmr_translate][]="code";
$sin1[cmr_translate][]="language";
$sin1[cmr_translate][]="text";
$sin1[cmr_translate][]="translate_language";
$sin1[cmr_translate][]="translate_text";
$sin1[cmr_translate][]="date_time";




$sin1["cmr_table"][]="cmr_user";     $sin2["cmr_table"][]="tstm_user";
$sin1[cmr_user][]="id";     $sin2[tstm_user][]="id";
$sin1[cmr_user][]="uid";     $sin2[tstm_user][]="uid";
$sin1[cmr_user][]="name";     $sin2[tstm_user][]="name";
$sin1[cmr_user][]="last_name";     $sin2[tstm_user][]="last_name";
$sin1[cmr_user][]="nickname";     $sin2[tstm_user][]="pw";
$sin1[cmr_user][]="sexe";     $sin2[tstm_user][]="email";
$sin1[cmr_user][]="role";     $sin2[tstm_user][]="tel";
$sin1[cmr_user][]="sla";     $sin2[tstm_user][]="cel";
$sin1[cmr_user][]="pw";     $sin2[tstm_user][]="state";
$sin1[cmr_user][]="email";     $sin2[tstm_user][]="level";
$sin1[cmr_user][]="email_sign";     $sin2[tstm_user][]="lang";
$sin1[cmr_user][]="tel";     $sin2[tstm_user][]="style";
$sin1[cmr_user][]="cel";     $sin2[tstm_user][]="config";
$sin1[cmr_user][]="adress";     $sin2[tstm_user][]="public_key";
$sin1[cmr_user][]="location";     $sin2[tstm_user][]="private_key";
$sin1[cmr_user][]="state";     $sin2[tstm_user][]="pass_phrase";
$sin1[cmr_user][]="type";     $sin2[tstm_user][]="inf";
$sin1[cmr_user][]="status";     $sin2[tstm_user][]="date_time";
$sin1[cmr_user][]="level";
$sin1[cmr_user][]="lang";
$sin1[cmr_user][]="style";
$sin1[cmr_user][]="login_script";
$sin1[cmr_user][]="certificate";
$sin1[cmr_user][]="photo";
$sin1[cmr_user][]="my_master";
$sin1[cmr_user][]="allow_level";
$sin1[cmr_user][]="allow_email";
$sin1[cmr_user][]="allow_groups";
$sin1[cmr_user][]="comment";
$sin1[cmr_user][]="date_time";





$sin1["cmr_table"][]="cmr_user_groups";     $sin2["cmr_table"][]="tstm_user_group";
$sin1[cmr_user_groups][]="id";     $sin2[tstm_user_group][]="id";
$sin1[cmr_user_groups][]="user_email";     $sin2[tstm_user_group][]="user_email";
$sin1[cmr_user_groups][]="group_name";     $sin2[tstm_user_group][]="group_name";
$sin1[cmr_user_groups][]="type";     $sin2[tstm_user_group][]="type";
$sin1[cmr_user_groups][]="state";     $sin2[tstm_user_group][]="state";
$sin1[cmr_user_groups][]="allow_level";
$sin1[cmr_user_groups][]="allow_email";
$sin1[cmr_user_groups][]="allow_groups";
$sin1[cmr_user_groups][]="comment";
$sin1[cmr_user_groups][]="date_time";     $sin2[tstm_user_group][]="date_time";




$sin1["cmr_table"][]="cmr_x_code_source";     $sin2["cmr_table"][]="";
$sin1[cmr_x_code_source][]="id";
$sin1[cmr_x_code_source][]="name";
$sin1[cmr_x_code_source][]="path";
$sin1[cmr_x_code_source][]="language";
$sin1[cmr_x_code_source][]="lang_version";
$sin1[cmr_x_code_source][]="code_version";
$sin1[cmr_x_code_source][]="state";
$sin1[cmr_x_code_source][]="author";
$sin1[cmr_x_code_source][]="copyright";





$sin1[cmr_x_code_source][]="my_md5";     $sin2["cmr_table"][]="";
$sin1[cmr_x_code_source][]="license";
$sin1[cmr_x_code_source][]="text";
$sin1[cmr_x_code_source][]="my_master";
$sin1[cmr_x_code_source][]="allow_level";
$sin1[cmr_x_code_source][]="allow_email";
$sin1[cmr_x_code_source][]="allow_groups";
$sin1[cmr_x_code_source][]="comment";
$sin1[cmr_x_code_source][]="date_time";





$sin1["cmr_table"][]="cmr_x_comment";     $sin2["cmr_table"][]="";
$sin1[cmr_x_comment][]="id";
$sin1[cmr_x_comment][]="name";
$sin1[cmr_x_comment][]="encoding";
$sin1[cmr_x_comment][]="language";
$sin1[cmr_x_comment][]="state";
$sin1[cmr_x_comment][]="allow_level";
$sin1[cmr_x_comment][]="allow_email";
$sin1[cmr_x_comment][]="allow_groups";
$sin1[cmr_x_comment][]="date_time";





$sin1["cmr_table"][]="cmr_x_contents";     $sin2["cmr_table"][]="";
$sin1[cmr_x_contents][]="id";
$sin1[cmr_x_contents][]="name";
$sin1[cmr_x_contents][]="path";
$sin1[cmr_x_contents][]="template";
$sin1[cmr_x_contents][]="title";
$sin1[cmr_x_contents][]="text";
$sin1[cmr_x_contents][]="state";
$sin1[cmr_x_contents][]="allow_level";
$sin1[cmr_x_contents][]="allow_email";
$sin1[cmr_x_contents][]="allow_groups";
$sin1[cmr_x_contents][]="comment";
$sin1[cmr_x_contents][]="date_time";




$sin1["cmr_table"][]="cmr_x_files";     $sin2["cmr_table"][]="";
$sin1[cmr_x_files][]="id";
$sin1[cmr_x_files][]="name";
$sin1[cmr_x_files][]="path";
$sin1[cmr_x_files][]="type";
$sin1[cmr_x_files][]="state";
$sin1[cmr_x_files][]="mine";
$sin1[cmr_x_files][]="text";
$sin1[cmr_x_files][]="my_md5";
$sin1[cmr_x_files][]="my_master";
$sin1[cmr_x_files][]="my_slave";
$sin1[cmr_x_files][]="allow_level";
$sin1[cmr_x_files][]="allow_email";
$sin1[cmr_x_files][]="allow_groups";
$sin1[cmr_x_files][]="comment";
$sin1[cmr_x_files][]="date_time";




$sin1["cmr_table"][]="cmr_x_images";     $sin2["cmr_table"][]="";
$sin1[cmr_x_images][]="id";
$sin1[cmr_x_images][]="name";
$sin1[cmr_x_images][]="path";
$sin1[cmr_x_images][]="type";
$sin1[cmr_x_images][]="state";
$sin1[cmr_x_images][]="x_dim";
$sin1[cmr_x_images][]="y_dim";
$sin1[cmr_x_images][]="my_md5";
$sin1[cmr_x_images][]="base64";
$sin1[cmr_x_images][]="allow_level";
$sin1[cmr_x_images][]="allow_email";
$sin1[cmr_x_images][]="allow_groups";
$sin1[cmr_x_images][]="comment";
$sin1[cmr_x_images][]="date_time";





$sin1["cmr_table"][]="cmr_x_links";     $sin2["cmr_table"][]="";
$sin1[cmr_x_links][]="id";
$sin1[cmr_x_links][]="name";
$sin1[cmr_x_links][]="text";
$sin1[cmr_x_links][]="state";
$sin1[cmr_x_links][]="date_time";
$sin1[cmr_x_links][]="allow_level";
$sin1[cmr_x_links][]="allow_email";
$sin1[cmr_x_links][]="allow_groups";
$sin1[cmr_x_links][]="comment";





$sin1["cmr_table"][]="cmr_x_menu";     $sin2["cmr_table"][]="";
$sin1[cmr_x_menu][]="id";
$sin1[cmr_x_menu][]="name";
$sin1[cmr_x_menu][]="path";
$sin1[cmr_x_menu][]="template";
$sin1[cmr_x_menu][]="list_link";
$sin1[cmr_x_menu][]="language";
$sin1[cmr_x_menu][]="state";
$sin1[cmr_x_menu][]="text";
$sin1[cmr_x_menu][]="date_time";
$sin1[cmr_x_menu][]="my_master";
$sin1[cmr_x_menu][]="allow_level";
$sin1[cmr_x_menu][]="allow_email";
$sin1[cmr_x_menu][]="allow_groups";
$sin1[cmr_x_menu][]="comment";




$sin1["cmr_table"][]="cmr_x_modules";     $sin2["cmr_table"][]="";
$sin1[cmr_x_modules][]="id";
$sin1[cmr_x_modules][]="name";
$sin1[cmr_x_modules][]="path";
$sin1[cmr_x_modules][]="template";
$sin1[cmr_x_modules][]="language";
$sin1[cmr_x_modules][]="state";
$sin1[cmr_x_modules][]="text";
$sin1[cmr_x_modules][]="date_time";
$sin1[cmr_x_modules][]="my_master";
$sin1[cmr_x_modules][]="allow_level";
$sin1[cmr_x_modules][]="allow_email";
$sin1[cmr_x_modules][]="allow_groups";
$sin1[cmr_x_modules][]="comment";




$sin1["cmr_table"][]="cmr_x_object";     $sin2["cmr_table"][]="";
$sin1[cmr_x_object][]="id";
$sin1[cmr_x_object][]="name";
$sin1[cmr_x_object][]="path";
$sin1[cmr_x_object][]="language";
$sin1[cmr_x_object][]="state";
$sin1[cmr_x_object][]="text";
$sin1[cmr_x_object][]="my_md5";
$sin1[cmr_x_object][]="date_time";
$sin1[cmr_x_object][]="my_master";
$sin1[cmr_x_object][]="allow_level";
$sin1[cmr_x_object][]="allow_email";
$sin1[cmr_x_object][]="allow_groups";
$sin1[cmr_x_object][]="comment";





$sin1["cmr_table"][]="cmr_x_pages";     $sin2["cmr_table"][]="";
$sin1[cmr_x_pages][]="id";
$sin1[cmr_x_pages][]="name";
$sin1[cmr_x_pages][]="path";
$sin1[cmr_x_pages][]="template";
$sin1[cmr_x_pages][]="header";
$sin1[cmr_x_pages][]="footer";
$sin1[cmr_x_pages][]="list_module";
$sin1[cmr_x_pages][]="language";
$sin1[cmr_x_pages][]="my_master";
$sin1[cmr_x_pages][]="allow_level";
$sin1[cmr_x_pages][]="allow_email";
$sin1[cmr_x_pages][]="allow_groups";
$sin1[cmr_x_pages][]="comment";
$sin1[cmr_x_pages][]="date_time";






$sin1["cmr_table"][]="cmr_x_sites";     $sin2["cmr_table"][]="";
$sin1[cmr_x_sites][]="id";
$sin1[cmr_x_sites][]="name";
$sin1[cmr_x_sites][]="path";
$sin1[cmr_x_sites][]="language";
$sin1[cmr_x_sites][]="state";
$sin1[cmr_x_sites][]="index";
$sin1[cmr_x_sites][]="list_page";
$sin1[cmr_x_sites][]="my_master";
$sin1[cmr_x_sites][]="allow_level";
$sin1[cmr_x_sites][]="allow_email";
$sin1[cmr_x_sites][]="allow_groups";
$sin1[cmr_x_sites][]="comment";
$sin1[cmr_x_sites][]="date_time";





$sin1["cmr_table"][]="cmr_x_template";     $sin2["cmr_table"][]="";
$sin1[cmr_x_template][]="id";
$sin1[cmr_x_template][]="name";
$sin1[cmr_x_template][]="path";
$sin1[cmr_x_template][]="language";
$sin1[cmr_x_template][]="state";
$sin1[cmr_x_template][]="type";
$sin1[cmr_x_template][]="text";
$sin1[cmr_x_template][]="allow_level";
$sin1[cmr_x_template][]="allow_email";
$sin1[cmr_x_template][]="allow_groups";
$sin1[cmr_x_template][]="comment";
$sin1[cmr_x_template][]="date_time";





$sin1["cmr_table"][]="cmr_x_text";     $sin2["cmr_table"][]="";
$sin1[cmr_x_text][]="id";
$sin1[cmr_x_text][]="name";
$sin1[cmr_x_text][]="path";
$sin1[cmr_x_text][]="encoding";
$sin1[cmr_x_text][]="language";
$sin1[cmr_x_text][]="state";
$sin1[cmr_x_text][]="allow_level";
$sin1[cmr_x_text][]="allow_email";
$sin1[cmr_x_text][]="allow_groups";
$sin1[cmr_x_text][]="comment";
$sin1[cmr_x_text][]="date_time";



$sin1["cmr_table"][]="";;"      $sin2["cmr_table"][]="tstm_client";
;"      $sin2[tstm_client][]="id";
;"      $sin2[tstm_client][]="uid";
;"      $sin2[tstm_client][]="name";
;"      $sin2[tstm_client][]="state";
;"      $sin2[tstm_client][]="adress";
;"      $sin2[tstm_client][]="date_time";
;"      $sin2[tstm_client][]="rif_scc";
;"      $sin2[tstm_client][]="contact";
;"      $sin2[tstm_client][]="tel";
;"      $sin2[tstm_client][]="cel";
;"      $sin2[tstm_client][]="email";
;"      $sin2[tstm_client][]="folder";
;"      $sin2[tstm_client][]="nagios_group";
;"      $sin2[tstm_client][]="nessus_ip";
;"      $sin2[tstm_client][]="inf";
;"      $sin2[tstm_client][]="sla";


$sin1["cmr_table"][]="";;"      $sin2["cmr_table"][]="tstm_host_dependence";
;"      $sin2[tstm_host_dependence][]="id";
;"      $sin2[tstm_host_dependence][]="first_host_id";
;"      $sin2[tstm_host_dependence][]="second_host_id";
;"      $sin2[tstm_host_dependence][]="first_host_name";
;"      $sin2[tstm_host_dependence][]="second_host_name";
;"      $sin2[tstm_host_dependence][]="state";
;"      $sin2[tstm_host_dependence][]="date_time";




$sin1["cmr_table"][]="";;"      $sin2["cmr_table"][]="tstm_host_group";
;"      $sin2[tstm_host_group][]="id";
;"      $sin2[tstm_host_group][]="host_id";
;"      $sin2[tstm_host_group][]="host_name";
;"      $sin2[tstm_host_group][]="group_name";
;"      $sin2[tstm_host_group][]="date_time";




$sin1["cmr_table"][]="";;"      $sin2["cmr_table"][]="tstm_host_services";
;"      $sin2[tstm_host_services][]="id";
;"      $sin2[tstm_host_services][]="host_id";
;"      $sin2[tstm_host_services][]="host_name";
;"      $sin2[tstm_host_services][]="service_name";
;"      $sin2[tstm_host_services][]="state";
;"      $sin2[tstm_host_services][]="date_time";





$sin1["cmr_table"][]="";;"      $sin2["cmr_table"][]="tstm_host_user";
;"      $sin2[tstm_host_user][]="id";
;"      $sin2[tstm_host_user][]="user_email";
;"      $sin2[tstm_host_user][]="host_id";
;"      $sin2[tstm_host_user][]="host_ip";
;"      $sin2[tstm_host_user][]="date_time";
